-- ============================================================
-- 실시간 차량일지 앱 — Seed 데이터 (개발/테스트용)
-- 파일: seed.sql
-- 주의: 001_init_schema.sql 실행 완료 후에만 실행할 것
-- ============================================================

-- ── 차량 3대 ─────────────────────────────────────────────────
INSERT INTO public.vehicles (id, plate_number, model, purpose, note) VALUES
  ('11111111-1111-1111-1111-111111111101', '12가3456', '현대 아반떼', '영업용', '영업팀 1호차'),
  ('11111111-1111-1111-1111-111111111102', '34나5678', 'KIA K5',    '영업용', '영업팀 2호차'),
  ('11111111-1111-1111-1111-111111111103', '56다9012', '현대 스타렉스', '업무용', '총무팀 화물차');

-- ── 운전자 5명 (user_id는 실제 Auth 가입 후 업데이트 필요) ────
INSERT INTO public.drivers (id, employee_no, name, department, phone) VALUES
  ('22222222-2222-2222-2222-222222222201', 'EMP001', '김철수', '영업1팀', '010-1234-5678'),
  ('22222222-2222-2222-2222-222222222202', 'EMP002', '이영희', '영업1팀', '010-2345-6789'),
  ('22222222-2222-2222-2222-222222222203', 'EMP003', '박민준', '영업2팀', '010-3456-7890'),
  ('22222222-2222-2222-2222-222222222204', 'EMP004', '최수진', '영업2팀', '010-4567-8901'),
  ('22222222-2222-2222-2222-222222222205', 'EMP005', '정관리',  '총무팀',  '010-5678-9012');

-- ── 운행 기록 샘플 (승인 완료된 지난달 데이터) ────────────────
INSERT INTO public.trip_logs (
  id, vehicle_id, driver_id,
  departure_time, departure_location, departure_km,
  arrival_time,   arrival_location,   arrival_km,
  purpose, toll_fee, status
) VALUES
  (
    '33333333-3333-3333-3333-333333333301',
    '11111111-1111-1111-1111-111111111101',
    '22222222-2222-2222-2222-222222222201',
    '2026-05-08 09:00:00+09', '삼우에레코 본사', 45200,
    '2026-05-08 11:30:00+09', '현대자동차 남양연구소', 45312,
    '고객사 기술 미팅', 5500, 'approved'
  ),
  (
    '33333333-3333-3333-3333-333333333302',
    '11111111-1111-1111-1111-111111111101',
    '22222222-2222-2222-2222-222222222201',
    '2026-05-09 14:00:00+09', '삼우에레코 본사', 45312,
    '2026-05-09 15:20:00+09', 'LG전자 가산캠퍼스', 45368,
    '신규 계약 협의', 0, 'approved'
  ),
  (
    '33333333-3333-3333-3333-333333333303',
    '11111111-1111-1111-1111-111111111102',
    '22222222-2222-2222-2222-222222222202',
    '2026-05-12 08:30:00+09', '삼우에레코 본사', 28100,
    '2026-05-12 10:10:00+09', 'SK하이닉스 이천공장', 28245,
    '부품 납품 및 품질 점검', 7700, 'approved'
  ),
  (
    '33333333-3333-3333-3333-333333333304',
    '11111111-1111-1111-1111-111111111102',
    '22222222-2222-2222-2222-222222222203',
    '2026-05-15 10:00:00+09', '삼우에레코 본사', 12800,
    '2026-05-15 11:00:00+09', '삼성전자 수원사업장', 12863,
    '영업 미팅', 0, 'submitted'
  ),
  (
    '33333333-3333-3333-3333-333333333305',
    '11111111-1111-1111-1111-111111111103',
    '22222222-2222-2222-2222-222222222205',
    '2026-05-20 07:00:00+09', '삼우에레코 본사', 88400,
    '2026-05-20 08:30:00+09', '인천항 화물터미널', 88475,
    '자재 수령', 3300, 'approved'
  ),
  -- 이번 달 진행 중인 기록 (draft)
  (
    '33333333-3333-3333-3333-333333333306',
    '11111111-1111-1111-1111-111111111101',
    '22222222-2222-2222-2222-222222222201',
    '2026-06-05 09:30:00+09', '삼우에레코 본사', 45620,
    NULL, NULL, NULL,
    '고객사 방문', 0, 'draft'
  );

-- ── 승인 이력 ────────────────────────────────────────────────
-- 주의: approver_id는 실제 admin 계정 UUID로 교체 필요
-- 아래는 더미 UUID — 실제 배포 전 반드시 수정
/*
INSERT INTO public.approvals (trip_log_id, approver_id, action, comment) VALUES
  ('33333333-3333-3333-3333-333333333301', '<admin-user-uuid>', 'approved', '확인 완료'),
  ('33333333-3333-3333-3333-333333333302', '<admin-user-uuid>', 'approved', NULL),
  ('33333333-3333-3333-3333-333333333303', '<admin-user-uuid>', 'approved', '통행료 영수증 확인');
*/

-- ── 검증 쿼리 ─────────────────────────────────────────────────
-- 실행 후 아래 쿼리로 결과를 확인하세요:
--
-- SELECT
--   tl.id,
--   v.plate_number   AS 차량번호,
--   d.name           AS 운전자,
--   tl.departure_location AS 출발지,
--   tl.arrival_location   AS 목적지,
--   tl.departure_km,
--   tl.arrival_km,
--   tl.distance_km        AS 운행거리,   -- 자동계산 확인
--   tl.toll_fee           AS 통행료,
--   tl.status
-- FROM public.trip_logs tl
-- JOIN public.vehicles v ON v.id = tl.vehicle_id
-- JOIN public.drivers  d ON d.id = tl.driver_id
-- ORDER BY tl.departure_time;
